id,firstName,lastName,dept,salary
1,Darla,Burhill,002,23228
2,Laurene,Ros,001,21321
3,Carine,Bree,002,12081
4,Friederike,Bolam,001,12821
5,Danit,Tingcomb,001,15797
6,Row,Perfect,003,13107
7,Jakob,Carlan,001,16803
8,Reuben,Cess,002,18747
9,Juli,Loadsman,004,14035
10,Shelli,Scrinage,002,22052
11,Pooh,Peskett,001,11169
12,Lancelot,Learie,001,11139
13,Morly,Drable,001,23153
14,Reeba,Richardot,001,15952
15,Eal,Luxen,001,17061
16,Thorin,Zanicchi,003,23956
17,Esta,Cash,001,23322
18,Mariejeanne,Giannotti,003,19811
19,Normand,Gori,003,23800
20,Roderic,Morrad,003,14064
21,Lucias,Gobell,004,13922
22,Mahmoud,Gaythorpe,002,18563
23,Gilli,Scatchar,003,23407
24,Lynne,Le feaver,003,16910
25,Sena,Somerled,002,21207
26,Con,Trobe,002,22692
27,Drugi,Zappel,003,19431
28,Marne,Dorgon,002,24648
29,Felicio,Ballefant,004,20626
30,Oran,Bischop,002,14872
31,Tamas,Dimmock,004,18199
32,Marisa,De Vaar,003,24722
33,Hermy,Lohrensen,001,14620
34,Caryl,Tregear,002,13170
35,Joella,Ellin,003,21345
36,Berrie,Deverale,004,20704
37,Mela,Scurry,003,19350
38,Maura,Faich,004,24620
39,Babb,Martschik,001,17213
40,Darcey,Aldiss,003,19003
41,Renaldo,Greber,002,19122
42,Lynnell,Dinsell,004,14496
43,Artus,Thacke,001,23412
44,Benedicto,Paynes,004,15909
45,Obediah,Thorsby,004,11196
46,Loren,Drinkel,001,11765
47,Waly,Rediers,001,22109
48,Reamonn,Sneezum,001,13370
49,Jared,Cree,004,14734
50,Manda,Ketchen,001,11595
51,Vanya,Blenkinship,004,10222
52,Emilee,Coppock.,004,22062
53,Carmelita,Basill,004,22680
54,Olivette,Conner,003,19100
55,Sara-ann,Grazier,001,14012
56,Hunfredo,Pull,003,20017
57,Neda,Tschierse,002,20196
58,Mikkel,Sigg,001,23470
59,Lorita,Bygreaves,002,13595
60,Yurik,Stonhouse,004,24553
61,Sybilla,Birtonshaw,001,23672
62,Glenden,McKenny,002,15696
63,Tailor,Quinby,003,20211
64,Yoshiko,Rykert,002,17840
65,Aliza,Stork,002,20761
66,Symon,Skirrow,004,10782
67,Claiborn,Minor,001,22519
68,Alaine,Kensley,002,20109
69,Merralee,Griffen,001,16492
70,Aristotle,Gerriet,003,11038
71,Geoffry,Haine,004,21903
72,Salli,McKeag,002,16791
73,Nancie,Ruusa,004,17584
74,Rochester,Allans,001,20098
75,Casie,Riden,002,15802
76,Meggi,Welham,004,16925
77,Brynne,Papez,003,13844
78,Myrtle,Callender,001,13328
79,Juliane,Waddie,003,18975
80,Ferrell,Tremoille,004,16642
81,Gweneth,Mohammad,004,24224
82,Rockwell,Paye,001,19082
83,Archy,Whickman,003,22196
84,Tracee,Bourner,004,11194
85,Forrest,Kording,002,10174
86,Saunderson,Ulyatt,004,16406
87,Norry,Grimshaw,004,18131
88,Leilah,Pattillo,001,10514
89,Kim,Toppin,002,19965
90,Tallulah,Rabidge,001,19388
91,Darya,Marzele,003,21653
92,Berty,Pitkethly,001,11530
93,Christa,Leighton,002,12948
94,Mirabel,Halifax,004,18221
95,Greg,Storch,004,16751
96,Wynn,Keniwell,002,14309
97,Griselda,Mathew,002,24671
98,Jacinda,Jenney,003,17579
99,Rhett,Kear,002,22847
100,Sheeree,Moscrop,001,24940
101,Judas,Brevitt,004,20080
102,Celestyna,Hansom,002,15182
103,Ferguson,McGerr,001,15364
104,Bibbie,Shufflebotham,001,11066
105,Ali,Penticost,002,12986
106,Veradis,Vigors,003,13196
107,Barton,Birchwood,001,12050
108,Benyamin,O'Deoran,002,17399
109,Levin,Masselin,004,24696
110,Brandise,Brasier,004,11912
111,Marybelle,Thomtson,001,17607
112,Monah,Hunnisett,001,16214
113,Mufi,Martelet,001,21940
114,Raffarty,Todaro,004,15792
115,Rita,Rides,001,15157
116,Aura,Eagling,003,20053
117,Charita,Winley,003,17407
118,Barty,Vasilevich,002,24243
119,Haroun,Westoff,001,21241
120,Julius,Repper,001,24148
121,Ursa,Sawers,003,21615
122,Roze,Rhodef,002,20866
123,Nichole,Cremins,003,19203
124,Beverlie,Salliss,004,14835
125,Corby,Somers,002,11086
126,Ade,Sailor,001,13360
127,Hana,Gergely,002,21620
128,Cariotta,Darlow,001,15360
129,Tana,Sillito,004,19605
130,Cass,Persse,003,23195
131,Wallace,Whoolehan,003,16164
132,Sharron,Jenner,003,10070
133,Sayers,Glennard,001,12087
134,Willi,Bounds,003,20368
135,Francene,Middup,003,20533
136,Esther,Paolini,002,18547
137,Brittney,Gary,003,13553
138,Magdalena,Ivain,002,19493
139,Rodolphe,Baroche,002,21328
140,Pren,Borwick,004,12986
141,Courtenay,Deveril,001,20555
142,Mile,Galtone,002,17035
143,Rockey,Gherardesci,003,14616
144,Hildy,Balshaw,001,14547
145,Dallon,Van Oord,001,24688
146,Godfrey,Mingay,003,18750
147,Romain,Seivertsen,003,14168
148,Giulio,Kobierra,003,15901
149,Godfry,Cormack,001,19697
150,Ewan,Weatherup,004,20018
151,Willyt,Tzar,003,15234
152,Demeter,Sinnott,003,12057
153,Steffen,Bright,001,17068
154,Chaunce,Nicholls,003,24517
155,Ruy,Le Batteur,002,21705
156,Jeremy,Pomfrey,003,23208
157,Ellyn,Marder,002,10442
158,Johny,Bedminster,001,16724
159,Kristos,Fairburn,004,15331
160,Bridgette,Jerram,003,23378
161,Arne,Jaine,001,18316
162,Gratia,Rubinov,002,19962
163,Jenica,Stoak,003,14618
164,Westbrook,Dockrey,004,11677
165,Barbaraanne,Schulze,002,13143
166,Kimball,Hymans,001,16353
167,Lennie,Addie,004,19530
168,Delcina,Gath,004,24961
169,Mozes,Gooke,001,10758
170,Andrea,Hardiker,001,17287
171,Lurleen,Hembrow,002,24152
172,Shari,Jenkison,002,21110
173,Tomkin,Gribbins,002,16232
174,Trenna,Mc Carrick,001,22588
175,Lammond,Tufts,003,15113
176,Maddy,Hablot,001,10762
177,Nadia,Dannett,004,15057
178,Zaccaria,Lawrenson,004,24105
179,Erwin,Bentinck,003,22137
180,Meris,Colleck,002,14276
181,Chuck,Feares,004,15357
182,Iver,Turrill,001,12621
183,Priscilla,Tarren,004,11069
184,Farley,Stockbridge,004,24418
185,Yuma,Varns,003,15129
186,Renee,Yarker,001,15627
187,Netti,Olivazzi,002,21464
188,Griselda,Ousbie,002,12318
189,Tallulah,Porch,001,14182
190,Rhetta,Bracknell,003,20214
191,Maurie,Dymick,002,18951
192,Ardisj,Ladbrook,003,20761
193,Kayla,Crux,003,16127
194,Idell,Trunby,003,19079
195,Jayne,Ryles,004,21849
196,Patten,Bascombe,001,18578
197,Marysa,Lammerts,002,23157
198,Amitie,Sepey,001,10868
199,Christophorus,O'Dee,004,11439
200,Bryanty,Fowlston,004,18174
201,Joann,Mollin,004,18109
202,Egon,Pelerin,001,11794
203,Angelica,Redholes,002,18329
204,Lorrin,Mitchenson,001,24743
205,Nikolos,Duiged,003,10874
206,Yasmeen,Bye,003,15044
207,Keenan,Estoile,002,16444
208,Allx,Labuschagne,002,16144
209,Jobina,Hurling,004,10626
210,Christye,Brinsden,001,12505
211,Darrell,Guillard,004,18281
212,Ario,Danels,003,24164
213,Kare,Railton,001,11111
214,Rodolphe,Sparling,003,24583
215,Frederica,McJarrow,002,24542
216,Blair,Hatliffe,001,20111
217,Denni,Grant,004,11455
218,Brockie,Hubbock,002,14921
219,Madelyn,Crehan,001,22212
220,Bud,Cobbledick,002,24890
221,Serge,Parris,001,18868
222,Cilka,Sebborn,001,20944
223,Johnathan,Ewestace,002,16610
224,Masha,Human,002,23428
225,Rahel,Ryde,003,11798
226,Gilligan,Weatherburn,002,16699
227,Letisha,Londsdale,001,19172
228,Alisun,Dilgarno,002,13401
229,Trude,Gash,003,21389
230,Datha,Cawthorn,002,14739
231,Eduino,Dailly,002,19222
232,Tann,Shovell,001,17964
233,Nadiya,Farahar,001,24910
234,Odele,Merrilees,002,15756
235,Hope,Mawd,002,14099
236,Bryana,Dugald,002,18730
237,Esdras,Inskipp,003,20214
238,Konstantin,Galer,001,10244
239,Hendrik,Spencook,002,18550
240,Star,Kalisch,001,17381
241,Brok,Barizeret,003,16048
242,Cristie,Thelwll,002,19819
243,Ado,Boyer,004,23863
244,Ban,Arnholtz,003,10547
245,Grata,Graysmark,004,16965
246,Clay,Statefield,002,21966
247,Halsey,Marquis,002,13824
248,Ermanno,Kelson,002,12941
249,Jeannette,Life,003,20269
250,Bennie,Liggens,001,17230
251,Rora,Brookz,003,11872
252,Igor,O'Gormley,003,16401
253,Hewe,Scarman,002,14727
254,Clem,Shipton,003,15231
255,Marigold,Blacket,003,17962
256,Camala,Beany,004,16922
257,Gwenny,Kiernan,001,10493
258,Bear,Kays,004,11821
259,Winnah,Kennler,004,17214
260,Belicia,Kinvig,001,15142
261,Drusie,Hakking,002,19620
262,Gail,Hobbert,004,21114
263,Andie,Paniman,003,23986
264,Brandyn,Fuke,003,12347
265,Karim,Jillard,001,15466
266,Ertha,Rennicks,001,21674
267,Jimmy,Mattsson,004,16364
268,Daisey,Szepe,002,11204
269,Andie,MacDuff,004,19213
270,Niels,McHenry,004,13340
271,Manuel,Uphill,001,11573
272,Benito,Craythorn,003,24333
273,Beryle,Copestake,004,11172
274,Verene,Tomczynski,003,10637
275,Grant,Uzielli,003,19762
276,Deonne,Reade,001,22266
277,Linn,Snell,001,21550
278,Yoko,Flook,003,21511
279,Talya,Safont,003,11716
280,Jamesy,Bussel,004,19972
281,Eddy,Pere,002,21035
282,Chance,Klimus,004,12905
283,Harmon,Moakes,004,13375
284,Irene,Habbert,004,18146
285,Jemmy,Petschelt,002,17587
286,Broderic,Backhouse,001,14733
287,Shani,Habeshaw,001,21361
288,Laney,Poynor,001,21864
289,Romeo,Giraudy,002,23907
290,Lowell,Reily,001,17618
291,Elsa,Moule,004,21869
292,Lyndsay,Cordova,002,19684
293,Amalle,Gallemore,001,11797
294,Austina,Peever,002,13355
295,Valery,Kissick,002,19958
296,Pris,Sweed,004,15188
297,Lexy,Blant,003,24918
298,Hendrick,Paskell,003,19146
299,Haley,Legrand,004,11225
300,Gloriana,Sikorsky,002,21146
301,Adela,Allaker,001,21708
302,Barthel,Veighey,004,21013
303,Dasha,Hogbin,004,11680
304,Mel,Chittem,003,20245
305,Floria,Maffione,004,21602
306,Riane,Duddle,001,15711
307,Catharine,Baton,004,21671
308,Marianna,Billingsley,004,15216
309,Keefer,Tonner,003,11633
310,Linnie,Myford,003,12414
311,Bernie,Klimek,004,22369
312,Melodie,Ianson,004,23385
313,Arnoldo,Aggott,002,17423
314,Reube,Raddenbury,004,10665
315,Trixie,Nelsen,003,23842
316,Katuscha,Iggulden,004,23270
317,Floria,Le Breton De La Vieuville,004,23515
318,Laure,Raulin,004,21808
319,Corenda,Wadly,003,12043
320,Shirley,Fedorchenko,002,14405
321,Garret,Klagge,001,19722
322,Bernette,Tant,002,18184
323,Jerrylee,Cartmell,004,13769
324,Bibi,Ast,004,10465
325,Lynelle,Mallett,001,11550
326,Leupold,Heddy,003,10563
327,Coleen,Thunderchief,003,22071
328,Ivan,Deverell,001,22223
329,Sonnie,Wooder,001,11312
330,Mechelle,Pigot,003,15151
331,Huntington,Beasant,003,11021
332,Ashlee,Ferreri,003,18120
333,Adah,Baccas,003,23726
334,Sydelle,Blabber,004,19144
335,Shelbi,Tenpenny,004,10817
336,Roddy,Senchenko,001,17745
337,Felecia,Colville,004,13037
338,Gustie,Sturdey,002,23861
339,Archer,Grayshan,002,17368
340,Sharron,Grimwad,003,13106
341,Janenna,Chidley,004,13151
342,Ky,Mateos,004,24500
343,Blisse,Cotta,001,12807
344,Remington,O'Nion,004,12070
345,Worthy,Staddom,004,12882
346,Kordula,Kedie,001,19682
347,Esma,Jelley,003,16379
348,Cristine,Patemore,003,14269
349,Jamesy,Reuven,001,20746
350,Carl,Servant,004,20119
351,Joceline,Randerson,004,24307
352,Violetta,Burnsell,002,17756
353,Kiley,Bertelmot,003,19053
354,Lenee,Mowsley,004,17690
355,Carmon,Edel,002,11069
356,Madge,Poynser,002,10587
357,Emiline,Cormack,003,11140
358,Lois,Hedan,004,19323
359,Emile,Huntingdon,001,21390
360,Glenden,Katte,002,19806
361,Cammy,Wimms,001,23876
362,Jeanette,Rankling,004,15914
363,Tabina,MacUchadair,004,10113
364,Marcellus,Payze,003,19172
365,Rossie,Menghi,004,16164
366,Heather,Michin,003,21678
367,Bear,Cadlock,002,17400
368,Berrie,Dedenham,003,17980
369,Lemmie,Bisset,001,18281
370,Row,Salman,004,10013
371,Rani,Braybrookes,001,20544
372,Aili,Edel,002,13019
373,Hildegaard,Spratley,002,10528
374,Sharline,Lumpkin,003,16785
375,Olga,Gerson,004,21194
376,Daffie,Poge,001,23396
377,Zelma,Clear,003,11754
378,Kameko,Waplinton,003,16876
379,Leanor,Riccardo,002,10300
380,Eugine,Bulstrode,002,15095
381,Robinson,Minshaw,001,21347
382,Horten,Slowey,002,24816
383,Gerrie,Jane,004,23733
384,Antonietta,Trevain,001,16084
385,Nial,Hammerstone,001,13815
386,Corny,MacMorland,001,24251
387,Missie,Hartle,002,19859
388,Georas,Hovert,004,19664
389,Ambrosius,Jeffers,003,11729
390,Rozalin,Danat,003,11361
391,Kelly,Harte,004,14955
392,Shawnee,Paylor,003,18842
393,Vladamir,Tarbet,001,13461
394,Jonell,O' Hogan,004,12748
395,Kevyn,Alejandre,004,16479
396,Joel,Drowsfield,002,11508
397,Udale,Ryce,001,19391
398,Janey,Atthowe,002,20549
399,Kelbee,Wragg,003,19256
400,Torey,Gibbings,001,17425
401,Mateo,Shiril,003,20768
402,Garnette,Garrood,003,16210
403,Nedi,Moreno,001,24328
404,Shelley,Kellogg,004,12971
405,Merlina,Jouaneton,004,12555
406,Kennedy,Pocknell,003,20536
407,Viva,Roadnight,001,12450
408,Tamara,Durgan,002,16711
409,Blaire,Osgerby,004,15809
410,Remy,Balderstone,001,10508
411,Tracie,Crewther,001,21573
412,Iormina,Fearick,001,21214
413,Fanni,Ossipenko,004,16653
414,Michaella,Shoutt,001,24956
415,Emlyn,Chadburn,003,15136
416,Leroi,Daingerfield,001,10254
417,Ellswerth,Howe,003,18690
418,William,Sambeck,001,15550
419,Porter,Dallin,001,10950
420,Benito,Egiloff,004,21661
421,Con,Sifflett,001,12217
422,Kimbra,Durran,002,13680
423,Silvano,Cater,001,18729
424,Dominick,Callen,003,18061
425,Cecile,Baitson,003,15625
426,Wenonah,Vassall,001,13404
427,Bamby,Szwarc,002,18258
428,Oralia,Pavolini,004,15386
429,Leupold,Luna,001,11884
430,Willi,Pavey,002,22948
431,Gawain,Wetherald,001,10969
432,Tam,Mostin,004,14953
433,Florencia,Pallas,002,22009
434,Benedicto,Joontjes,002,22208
435,Valle,Tremollet,001,19986
436,Jori,Bartali,002,15661
437,Egbert,Cowern,004,16314
438,Roscoe,Lyddy,003,23997
439,Hadria,Feighney,002,10579
440,Stillman,Bryde,002,14776
441,Andy,McKinnon,004,17561
442,Sansone,Brakespear,004,18983
443,Tiffy,Hankard,003,23683
444,Dal,Matiewe,002,22172
445,Angela,Sodeau,001,22045
446,Devonna,Orhtmann,002,14660
447,Kirsten,Biagioni,001,12473
448,Sheffie,Connue,001,19003
449,Rozalin,Greet,004,10201
450,Adelaide,Catterson,002,24668
451,Zuzana,Balaam,001,15958
452,Devin,Simek,002,11673
453,Cahra,Pfaff,004,22637
454,Bethany,Georgius,004,20745
455,Sandy,Thor,003,12266
456,Berenice,Gecke,004,11700
457,Jacquelynn,Eliasen,003,12518
458,Kirstyn,Roiz,002,11603
459,Kienan,Herkess,003,20755
460,Katey,Mattys,003,10480
461,Cherianne,Redwood,004,15771
462,Kendre,Merwood,001,21799
463,Worthy,Revel,002,10481
464,Tilda,Pattesall,001,20132
465,Cheri,Veare,004,21409
466,Devon,Hethron,003,19883
467,Mariquilla,Gimson,002,15120
468,Andrei,Aynscombe,004,20017
469,Jud,Couve,002,10634
470,Suellen,Garman,004,16915
471,Blanch,O'Collopy,001,13321
472,Xever,Coleson,004,19515
473,Issie,Shimon,001,17671
474,Thibaud,Bussetti,003,14030
475,Stearn,Court,001,19647
476,Lora,MacGilpatrick,001,21114
477,Leeland,Verdey,002,22883
478,Gallagher,Filipowicz,002,24853
479,Krishna,Druett,003,22759
480,Alberto,Whetnall,002,14715
481,Rubia,Kluger,004,10243
482,Hyacinth,Goscar,001,22697
483,Lurline,Buckles,003,22327
484,Spenser,Rebbeck,001,18222
485,Nikolas,Davsley,004,21148
486,Caroline,Bodle,003,12021
487,Rance,Dukes,002,23502
488,Elberta,Bellee,004,11286
489,Danielle,Tolchard,002,22157
490,Ruthie,Bau,003,23448
491,Mil,Rowledge,001,12131
492,Andreana,Toppes,002,14574
493,Adham,Ben,003,12444
494,Birgit,Petrillo,004,11895
495,Janek,McGreal,001,19688
496,Tandy,Jouanot,002,19905
497,Nell,Agirre,003,12105
498,Giana,Raymen,004,15311
499,Yasmin,Crowcombe,001,20920
500,Ardelia,O'Bradain,003,13062
501,Shelton,Summersby,001,13778
502,Town,Cisson,001,12395
503,Jaclin,Phebey,001,12504
504,Marten,Stanyforth,001,18549
505,Marwin,Fogt,004,14259
506,Alikee,Braven,002,10305
507,Glad,Partkya,001,18248
508,Krysta,Girardet,001,11111
509,Bogart,Lightbowne,001,16759
510,Carlina,Caselli,001,16239
511,Augy,Bergstrand,001,12845
512,Linea,Wigfield,002,22751
513,Sheeree,Boyford,002,20201
514,Zachery,Deedes,002,13371
515,Robby,Dickie,004,23128
516,Prince,James,004,15198
517,Melitta,Schultheiss,003,24147
518,Yasmeen,Duffit,002,11540
519,Kalil,Ivatts,001,14533
520,Delmore,Fernant,003,23700
521,Valery,Ronald,001,20857
522,Lavena,Zanneli,001,16218
523,Trula,Creasey,003,20356
524,Shell,Bleasby,002,17373
525,Dion,Medwell,003,22914
526,Basilio,McArley,002,13091
527,Halley,Mudle,002,13556
528,Bertie,Kirvell,003,24245
529,Webb,Ruffy,004,20744
530,Shermy,Allen,003,19860
531,Rebekkah,McAllen,003,16491
532,Ailene,McElwee,004,22049
533,Carlyle,Workes,002,21450
534,Laureen,Chick,003,13886
535,Sanford,Borrie,001,19254
536,Wald,Tillett,003,13638
537,Harlan,Hasser,001,19075
538,Marguerite,Kernell,004,10288
539,Rosemary,Norvill,003,18604
540,Janifer,Pioch,002,21923
541,Molli,Perkinson,004,21945
542,Patrick,Beswetherick,002,13032
543,Veronike,Uzielli,004,14825
544,Faina,MacKissack,002,24924
545,Andonis,Teggin,001,23447
546,Nichols,Gladdor,004,15934
547,Shayne,Driver,002,21727
548,Zared,Heale,001,15474
549,Anica,Bassford,003,15875
550,Keri,Jerzyk,001,17391
551,Ferne,Revie,001,12809
552,Broderic,Wrathmall,001,15979
553,Pierette,Callard,004,19496
554,Faythe,Ambrosi,001,21963
555,Petronia,Yurukhin,004,12806
556,Maynard,Gosforth,001,16453
557,Virge,O'Dogherty,002,15324
558,Pieter,Charlwood,004,14267
559,Denver,Farden,004,23714
560,Katee,Mycock,002,15587
561,Nelli,MacNalley,002,22244
562,Frederic,Marsh,004,19491
563,Patricio,Gilfillan,001,15265
564,Tobin,Willment,002,24491
565,Natassia,O'Caherny,002,19476
566,Ham,Crucetti,004,21265
567,Farly,Collop,004,19603
568,Washington,Gavozzi,002,19520
569,Kippie,Lyddiard,004,17387
570,Fanni,Faulo,001,10562
571,Eolanda,Attow,001,23086
572,Brina,Syphas,002,20611
573,Lorianna,Withers,001,22905
574,Shena,Thursfield,004,20054
575,Barty,Soughton,004,23224
576,Vina,McKellar,001,12069
577,Matilda,Neilson,001,23825
578,Brigit,Braxton,001,18323
579,Ronnie,Petts,001,14256
580,Jourdain,McLarens,004,13613
581,Gay,Heintzsch,001,22877
582,Zebadiah,Wyllie,002,16550
583,Stephenie,Cheeseman,002,23165
584,Wilmar,Gay,004,15031
585,Nonie,Hryskiewicz,001,18487
586,Linell,Tookey,001,20101
587,Abbey,Sammut,004,14774
588,Spencer,Clavey,003,23503
589,Peggy,Nettles,003,11404
590,Raymond,Dalley,002,11526
591,Jehanna,Booton,001,17651
592,Mandy,Cuttell,004,18308
593,Howie,Barrows,001,21797
594,Mohandis,Weekland,003,10540
595,Roland,Biagioni,001,20152
596,Jasen,Girone,003,10733
597,Kristi,Meeks,003,22223
598,Hershel,Itzchaki,003,14582
599,Lorena,Blacklawe,001,11357
600,Elsinore,Ivett,001,20602
601,Feodor,Brearton,004,22491
602,Agnola,Gulston,004,19326
603,Mary,Reisk,001,13654
604,Udell,Wherrit,003,10632
605,Rosanna,Hatter,004,14165
606,Elayne,Samsin,004,18101
607,Evanne,Monshall,004,16085
608,Carolina,Ridolfi,001,21925
609,Jodie,Paxman,004,10819
610,Barth,Rodger,001,16901
611,Margot,Poizer,001,19433
612,Brear,Chat,004,13629
613,Belita,Billingham,002,20173
614,Tabby,Dany,002,13984
615,Conroy,Simenon,004,11732
616,Bryan,Dudeney,002,16921
617,Tedda,Cantle,003,24971
618,Thorndike,Jansie,001,14379
619,Evaleen,Labba,004,19187
620,Alma,Banes,004,11870
621,Leisha,Leebetter,001,14091
622,Marguerite,Bolesma,002,24052
623,Birdie,Patkin,004,17569
624,Jeanna,Rubberts,001,12203
625,Robbie,Dmiterko,004,22037
626,Ebeneser,Catto,003,12494
627,Querida,Gabbotts,001,15734
628,Claiborne,MacNeely,004,12278
629,Shell,O'Howbane,001,21273
630,Nat,Handscombe,001,16576
631,Binky,Coils,003,13263
632,Lydon,Sheldrake,004,12427
633,Amory,Meffen,004,20138
634,Sheena,Pollendine,003,23480
635,Merry,Guenther,004,23678
636,Brigit,Begley,001,11875
637,Selene,Davet,003,13311
638,Phedra,Guest,004,15102
639,Kelsey,Treble,001,10046
640,Nikolas,Kippling,002,23610
641,Riobard,Caseborne,001,14180
642,Windy,Temblett,002,19265
643,Teodora,Hallan,001,17930
644,Abner,Starbuck,002,19919
645,Kailey,Paladino,002,10031
646,Domini,Craigs,003,22769
647,Reuven,Vowell,002,10479
648,Rowe,Valentine,001,24758
649,Harmonie,Broadfoot,003,13721
650,Sherlock,Gayden,004,10777
651,Sosanna,Colwell,003,18773
652,Phillipp,Arkell,003,24078
653,Whit,Loidl,004,23404
654,Yolanthe,Asplin,003,22802
655,Bruce,Shout,003,13511
656,Gusta,De Gouy,004,12092
657,Clareta,Badrock,003,23123
658,Isa,Jelphs,001,20849
659,Prue,Loftin,003,24586
660,Clay,Fried,003,12227
661,Danyette,Robak,004,20686
662,Berkly,Elmer,003,24547
663,Hazel,Scathard,004,16139
664,Tarrance,McBeith,002,11427
665,Arvy,Storkes,001,18372
666,Raffaello,Leyshon,001,13946
667,Madison,Bostock,001,16329
668,Bobina,Dalmon,002,19948
669,Hyacinth,Watts,003,15816
670,Kele,McGilvra,001,18454
671,Leesa,Aughtie,003,17493
672,Valentijn,Lacheze,003,19981
673,Viviyan,Guswell,003,13383
674,Joelynn,Rambaut,004,20800
675,Karry,Capitano,002,14696
676,Novelia,Peeke,003,14720
677,Jandy,Emeny,003,11152
678,Gayel,Luney,003,16827
679,Christian,Kenaway,001,16253
680,Norton,Epinoy,003,19455
681,Yoshiko,Doubleday,004,16464
682,Giraldo,Odlin,002,20400
683,Konstanze,Blackaller,002,18976
684,Harman,Tollett,001,15364
685,Man,Sisnett,003,20327
686,Carlye,Jaegar,002,22488
687,Margit,Hallam,003,17910
688,Leese,Daftor,004,22573
689,Pepito,Flaunier,002,21264
690,Jess,Fossord,001,15552
691,Terese,Kippins,001,21477
692,Leta,Bynert,004,17422
693,Dallas,Tolle,003,12297
694,Tiena,Broadhead,001,22185
695,Darlleen,Wank,002,24860
696,Cindie,Wingeatt,004,17859
697,Bar,Benda,002,12117
698,Bowie,Corby,003,22631
699,Geralda,Mougel,002,19454
700,Lynna,Stubbings,004,19621
701,Zollie,Donnell,004,18437
702,Taryn,Sunshine,003,10056
703,Sidnee,Wickerson,004,12812
704,Donni,Fielding,002,14991
705,Austine,Gensavage,001,20136
706,Jennifer,Gouldthorp,002,24035
707,Dew,Bussey,002,17198
708,Liliane,Tevelov,003,11778
709,Valida,Warrilow,002,12447
710,Clair,Wilbor,002,23458
711,Bobbette,Risbie,003,15894
712,Lyndell,Powdrill,002,17694
713,Montgomery,Waber,002,23838
714,Chrissy,Guly,003,17245
715,Margit,Jans,001,24623
716,Avril,Sandells,001,17605
717,Nevil,Osgarby,003,16635
718,Carlotta,Sackett,004,19096
719,Maryanna,Fewtrell,004,22615
720,Erica,Piffe,003,15837
721,Lila,Castellanos,003,11849
722,Mickie,McKeurton,002,18657
723,Maynard,Joye,003,23869
724,Sybille,Oliva,004,11357
725,Elsy,Assender,001,16932
726,Barbra,Kingscott,002,10031
727,Rory,Spatig,003,17154
728,Rolland,Flanne,001,11081
729,Tessa,Torricella,001,21950
730,Jack,Sill,003,16218
731,Sheree,Pegler,002,14838
732,Martyn,De Michetti,002,22873
733,Domini,Dagg,003,14479
734,Dom,Reims,002,11153
735,Blanca,Baddoe,002,21814
736,Lela,Jira,003,20199
737,Andra,Mulran,004,19200
738,Linnell,De Giorgis,004,19108
739,Milt,Bulter,001,10647
740,Kerry,Lobell,002,13400
741,Ginevra,Ellams,002,12120
742,Cobbie,Talton,003,21107
743,Mel,Helmke,001,23063
744,Nigel,Halksworth,002,23150
745,Galen,Christauffour,004,14732
746,Sean,Weatherley,001,19229
747,Daune,Copperwaite,002,17761
748,Dode,Sadler,001,11911
749,Cherrita,Hinkens,004,10845
750,Ginevra,Sackur,004,11967
751,Harley,Pammenter,002,10398
752,Ashlin,Damiral,001,10824
753,Alphard,Burkart,004,13073
754,Jean,Rosenfield,003,14227
755,Deborah,Moorcroft,004,17063
756,Merry,Dalwood,002,11683
757,Silva,Feaveryear,003,14775
758,Bernice,McQuode,001,18689
759,Bil,Madgin,003,13007
760,Luella,Kampshell,001,11542
761,Mireille,Praten,001,16187
762,Krissie,Hickenbottom,003,18999
763,Hiram,Corton,001,11214
764,Kylen,Atherton,004,21397
765,Ashien,Lovett,003,18217
766,Bondie,Give,003,10832
767,Brandie,Broune,003,22848
768,Valaria,Foot,001,13376
769,Waly,Wawer,004,14215
770,Ketti,Netherwood,003,19107
771,Christian,Trood,003,10621
772,Alli,Rodgier,002,18161
773,Tiffanie,Dibben,003,12729
774,Dud,Hagerty,004,17190
775,Marv,Tolworth,004,20619
776,Inessa,Andriessen,003,11937
777,Roseanna,Pithie,001,16737
778,Torry,Michel,003,19046
779,Nertie,Gasticke,002,17985
780,Maia,Matteacci,004,18831
781,Chiquia,Wilby,001,12141
782,Waverly,Teffrey,001,22251
783,Aili,Dionisio,004,18363
784,Cleve,Calyton,004,21693
785,Corey,Shieber,004,10028
786,Roselin,Stuehmeyer,004,17254
787,Timmie,Cavet,001,24452
788,Brinn,Judson,004,19618
789,Christy,Pitcher,004,21389
790,Audrye,Gatland,001,11850
791,Chickie,Hallede,002,22541
792,Carma,Dillingstone,002,15477
793,Risa,Botham,004,14319
794,Ronalda,Milbank,003,15052
795,Hyman,Malone,003,21902
796,Annemarie,McDermott,002,22719
797,Wayne,Lanbertoni,004,24800
798,Walt,Obin,001,24401
799,Saraann,Mayler,004,20424
800,Brice,Michael,003,19636
801,Carlo,MacKill,001,18983
802,Devondra,Cassells,003,12226
803,Merridie,Schankel,001,18742
804,Rozalin,Machel,003,18812
805,Hedda,Grinnov,002,17469
806,Leeland,Soutter,003,11532
807,Florencia,Penticoot,001,12103
808,Emmott,Iliffe,001,19906
809,Atlante,Deans,002,17024
810,Odille,Hackey,001,13888
811,Farica,Quenell,001,14790
812,Jerrie,Beardsall,001,13996
813,Benton,Spring,002,13644
814,Claudian,Hightown,001,20966
815,Marylynne,Carreck,001,15424
816,Sergei,Slevin,003,23259
817,Randy,Tower,001,16936
818,Filippa,Manion,001,10577
819,Hettie,Ewdale,003,22155
820,Renelle,Lindley,003,18615
821,Humfried,Andryushin,002,18023
822,Kay,Gatchel,003,24801
823,Eveleen,Gartan,004,24376
824,Claus,Robelow,003,22566
825,Joy,Burtonshaw,001,17371
826,Burty,Climer,004,11361
827,Chariot,McArthur,001,22079
828,Jude,Shrieves,002,21599
829,Shela,Cuddon,001,22998
830,Lina,Mackelworth,004,15330
831,Mary,Berkeley,003,21197
832,Darice,Kubin,001,23104
833,Chaddie,Flute,004,16495
834,Valina,Delepine,003,23456
835,Junina,Woodyatt,004,18814
836,Knox,Laurentin,003,10812
837,Dulsea,Bentke,004,13509
838,Glenn,Chirm,001,20076
839,Jyoti,Arcase,003,24476
840,Bettine,Devericks,002,12354
841,Beltran,Atherley,003,21034
842,Elvis,Wibberley,003,24977
843,Dawna,Duplan,003,13643
844,Freddie,Ibell,001,15236
845,Tera,Sunshine,003,22642
846,Frannie,Piffe,004,17013
847,Bradan,Teggart,003,14425
848,Ynez,Febry,003,17912
849,Catie,Larkworthy,004,12421
850,Josefa,Paoli,001,24602
851,Pooh,Elcott,003,11679
852,Zola,Rubke,004,21613
853,Bronson,Tommasuzzi,003,11018
854,Kaja,Seys,003,20427
855,Ainsley,Cotgrove,003,16402
856,Andie,Mudd,004,11449
857,Missie,Lawlan,001,15138
858,Theodosia,Haggidon,003,19738
859,Neysa,Bendik,001,13580
860,Walton,Di Ruggero,001,14971
861,Erma,Menichelli,004,24464
862,Sheridan,Bembridge,002,13436
863,Audrey,Greengrass,002,13620
864,Burty,Gurnay,003,24038
865,Raul,Monkley,003,14984
866,Marla,Byne,001,21204
867,Drucy,Garaway,003,22147
868,Benedicta,Viegas,003,24047
869,Lusa,Osbourn,004,23470
870,Lance,Trimbey,001,10564
871,Raphaela,Drew,003,11870
872,Aube,Joisce,003,23179
873,Felipe,Clayill,003,12112
874,Obediah,Wetherhead,002,11406
875,Curtis,Licciardello,001,17618
876,Sanford,Ellett,003,16174
877,Alain,Trinbey,002,18509
878,Glenda,Crockford,004,13973
879,Lazare,Alabaster,002,24568
880,Rodney,Mathwin,004,24007
881,Stinky,Andrejs,002,13690
882,Rhys,Rubinowicz,004,21536
883,Lorita,Winfindine,003,15047
884,August,Jenson,001,10581
885,Fairleigh,Jeffries,001,24001
886,Alexis,Kleinfeld,002,16585
887,Barn,Perchard,001,20068
888,Bertie,Tenniswood,001,12397
889,Nikaniki,Holcroft,001,16465
890,Adler,Cornew,003,17749
891,Doralynne,Escofier,002,23745
892,Colette,De Cristofalo,003,11777
893,Seamus,Bassham,001,22901
894,Neville,Bush,003,22549
895,Wit,Hamshere,002,16478
896,Ingeborg,Bizzey,001,22102
897,Bliss,Trangmar,003,10520
898,Vernor,McCallum,003,13696
899,Randolph,Vanyushkin,003,18126
900,Barbette,Fishlock,001,24247
901,Faustina,Ozelton,001,11593
902,Bern,Higgan,003,11515
903,Cointon,Laugharne,001,13018
904,Marietta,Paz,002,19540
905,Erminie,Mortimer,001,18297
906,Dennis,Micklewicz,004,22334
907,Hedy,Peachey,004,11162
908,Aloysia,Petrenko,003,24614
909,Linus,Roan,002,13229
910,Hanna,Feldharker,002,19523
911,Georgetta,Braidwood,002,19179
912,Giustina,Minghi,002,15903
913,Sibbie,Franciottoi,001,15704
914,Grayce,Pellington,003,19903
915,Bat,Brierton,004,14788
916,Llywellyn,Scandrett,002,15943
917,Lucien,Bouchard,001,21644
918,Rhea,Trunby,001,16463
919,Kenneth,Ofen,001,22012
920,Christyna,Gaylor,004,22955
921,Adrien,Hendrikse,003,13150
922,Amye,Broad,002,22234
923,Madel,Hayers,004,18538
924,Marguerite,Sweett,003,17000
925,Adelaida,Parmley,004,14426
926,Corabel,Klimashevich,003,13847
927,Kynthia,Darwen,002,19860
928,Pavlov,Milvarnie,003,20996
929,Dierdre,Dring,001,15464
930,Isadore,Sadry,003,22270
931,Galven,Brennenstuhl,003,23770
932,Dawna,O' Sullivan,003,18557
933,Durant,Liddell,003,12417
934,Fawne,Harkus,002,17833
935,Jed,Cakes,004,13166
936,Odessa,Cowlin,002,24660
937,Sherwynd,Fomichyov,002,14630
938,Kendricks,Berryann,002,23472
939,Isador,Danilovic,003,10999
940,Lezley,Zanneli,001,10258
941,Sherwin,Milesop,002,17211
942,Kattie,Guppie,001,15969
943,Laina,Mallender,004,11664
944,Deanne,Cashley,001,18512
945,Abigael,Tumelty,001,23578
946,Esme,Sydes,003,17594
947,Margaux,Androlli,003,16646
948,Oswell,MacGiffin,002,19937
949,Andie,Leist,003,14280
950,Guthrie,Simnor,001,10967
951,Gayle,Bertin,001,22851
952,Townsend,Toffoletto,001,15487
953,Chance,Rosten,002,16978
954,Johannes,Stutely,003,22507
955,Cristine,Canada,004,23229
956,Hollie,Waller-Bridge,002,12118
957,Gale,Lawranson,002,13953
958,Nadya,Germain,001,17964
959,Tadd,Van den Velde,004,22876
960,Gerladina,Olivia,001,11817
961,Tine,Cammidge,002,11455
962,Miriam,Sherebrooke,001,14275
963,Janella,Eaglen,001,22314
964,Carrissa,Ditty,003,17991
965,Harriet,Kyston,004,13295
966,Candra,Tomlin,002,24347
967,Dwight,Segeswoeth,003,10444
968,Corinna,Murrish,001,13777
969,Margi,Stote,002,14806
970,Shandie,Scriven,002,17745
971,Georgena,Arnaudot,003,21931
972,Rois,Toon,001,11932
973,Cozmo,Travers,003,15772
974,Shaine,Collecott,003,21753
975,Marissa,Angear,004,14527
976,Dall,Matchitt,004,11595
977,Corena,Vaudin,001,16983
978,Ware,Kornes,002,16019
979,Joyan,Rathjen,004,14827
980,Dare,Prydie,002,13526
981,George,Ordemann,002,23414
982,Lavena,Gouny,003,23279
983,Kenn,Muzzollo,002,18348
984,Kurt,Patkin,004,19951
985,Jobi,Booton,003,18484
986,Mozes,Cianni,002,18024
987,Archie,Cawte,004,13090
988,Catha,Benjamin,003,21737
989,Ingrid,Leipold,004,16021
990,Lianne,Peddersen,004,16337
991,Luci,Buttress,004,12198
992,Errick,Trelevan,001,24559
993,Mirabelle,Simmins,004,18295
994,Melli,Perrottet,001,15087
995,Maudie,Della,002,11752
996,Drusy,Stoad,001,18831
997,Brandise,Dutnall,004,13205
998,Morie,Harden,004,11900
999,Kerry,Mant,002,24992
1000,Fletch,Ettels,002,11790
